{
    "KNeighborsClassifier": 0.7064220183486238,
    "SVC": 0.7339449541284404,
    "DecisionTreeClassifier": 0.5504587155963303,
    "RandomForestClassifier": 0.7614678899082569,
    "GaussianNB": 0.6055045871559633,
    "GradientBoostingClassifier": 0.5871559633027523,
    "MLPClassifier": 0.7798165137614679,
    "LinearSVC": 0.7522935779816514
}